measurement_id,name_kr,tier,indicative_sample_mg,method_summary,output_fields,unlocks,source_citation,verification_status,seed_review_status,notes
M_XRPD,X선 분말회절 (XRPD),1,10,분말 시료를 회절계에 로딩해 결정형 존재 여부와 회절 패턴을 얻는다,crystalline_form_id;is_amorphous_halo,결정/무정형 판별 · 다형 스크리닝 1차 확인 · 용해도 측정 후 잔사 재확인,Aulton's Pharmaceutics 6th ed. (Aulton & Taylor 2021),VERIFIED_PRIMARY,pending_team_review,단일 회절 패턴만으로 다형 전체를 배제할 수 없음 — M_POLYSCR과 상보적
M_DSC,시차주사열량법 (DSC),1,10,10 °C/min·N2 분위기로 승온하며 흡열/발열 전이를 기록한다,tm_c;delta_hf_j_g;multiple_endotherms,Tm·ΔHf 확정 · 다중 흡열 시 다형/용매화물 의심 신호 · Gate 4B 열안정 판단의 출발점,Aulton's Pharmaceutics 6th ed.,VERIFIED_PRIMARY,pending_team_review,승온 중 관찰되는 흡열이 실제 저장조건 거동과 다를 수 있음(§8.2 DSC 단독 판정 금지와 같은 주의)
M_TGA,열중량분석 (TGA),1,10,승온하며 중량손실을 기록한다. 100–150 °C 구간 손실은 수화물/용매화물/표면수분을 시사,weight_loss_100_150c_percent;decomposition_onset_c,수화물·용매화물 의심 · 열분해 개시온도(Gate 4B 열안정 판단 보조),Aulton's Pharmaceutics 6th ed.,VERIFIED_PRIMARY,pending_team_review,
M_KF,Karl Fischer 적정,1,10,전량 또는 전기량 KF 적정으로 수분 함량을 정량한다,water_content_percent,수분 함량 확정 — DVS·공정 민감도 판단의 기준점,Aulton's Pharmaceutics 6th ed.,VERIFIED_PRIMARY,pending_team_review,
M_DVS,동적증기수착 (DVS),2,30,0–90 %RH·25 °C에서 단계별 평형 후 질량 변화를 기록한다,hygroscopicity_class;moisture_uptake_percent_80rh,흡습성 등급 산정 → 포장 필요성 신호(포장 사양 자체는 범위 밖),Ph. Eur. 5.11 (Characters Section — hygroscopicity classification),VERIFIED_PRIMARY,pending_team_review,
M_PKA,potentiometric/UV-metric pKa 적정,2,30,Sirius T3형 전위차 적정 또는 UV-metric 적정. 난용성이면 cosolvent 적정 후 Yasuda–Shedlovsky 외삽으로 수용액 pKa를 구한다,pka_values_json,Gate 3B ΔpKa 계산의 api_pka_base,알고리즘 문서 §3.2 (Sirius T3 · Yasuda–Shedlovsky),VERIFIED_SECONDARY,pending_team_review,여러 이온화 자리가 있으면 모든 pKa를 함께 보고
M_LOGPD,logP/logD 실측,2,30,shake-flask 또는 potentiometric 방법으로 옥탄올/물 분배계수를 측정한다,logp_measured;logd74_measured,cLogP(RDKit) 대비 실측 보정 — 현재 게이트에서 필수 트리거는 없음(선택 제공),알고리즘 문서 §3.2,VERIFIED_SECONDARY,pending_team_review,자동 요청 트리거 없음. 사용자가 선제적으로 제공 가능
M_EQSOL,평형용해도 (다중 매질),2,30,"24–48 h·37 °C 평형 후 HPLC 정량. 매질: pH 1.2/4.5/6.8, water, 가능하면 FaSSIF-V2. 평형 후 잔사를 반드시 XRPD로 재확인(M_XRPD)",solubility_mg_per_ml;solubility_fassif_mg_per_ml,Gate 3A D0·DCS 판정의 근간,ICH M9 (2019); Jantratid et al. 2008 Pharm Res 25:1663 (FaSSIF-V2),VERIFIED_PRIMARY,pending_team_review,잔사 다형 전환 미확인 시 측정값이 다른 고체형의 용해도일 수 있음(Bauer et al. 2001 ritonavir 사례)
M_PERM,투과도 (Caco-2 또는 PAMPA),2,30,"Caco-2 단층 투과 실험(능동수송·유출펌프 반영) 또는 PAMPA(수동확산만, 세포 없음)",peff_human_cm_s,Gate 3A DCS IIa/IIb 하위분류의 두 번째 축,ICH M9 (2019) 2.2,VERIFIED_SECONDARY,pending_team_review,PAMPA는 능동수송·유출펌프를 반영하지 않아 과소평가 가능
M_IDR,고유용출속도 (IDR),2,30,rotating disk(Wood's apparatus)·37 °C·100 rpm으로 단위면적당 용출속도를 측정한다,idr_mg_min_cm2,DCS IIa 판정 보조 · 자동 요청 트리거 없음(선택),Yu et al. 2004 Int J Pharm 270:221,VERIFIED_SECONDARY,pending_team_review,
M_FORCED,강제분해 (stress stability),3,200,산·염기·산화·열·광 조건에서 5–20 % 분해를 목표로 stability-indicating HPLC를 확립한다,forced_degradation_done;degradation_pathways_json,구조 경고(에스터·아민·페놀 등)가 예측한 분해 경로의 실측 확인,ICH Q1A(R2) 2.1.2,VERIFIED_PRIMARY,pending_team_review,이것이 없으면 이후 모든 안정성 판단이 근거를 잃는다(알고리즘 문서 §4 Tier 3)
M_POLYSCR,다형 스크리닝,3,300,용매 20–30종 × 냉각/증발/anti-solvent/slurry 조합으로 결정화를 유도하고 각 산물을 XRPD로 비교한다,polymorph_count;most_stable_form_id,열역학적 안정형 확정 — 규제 자료 요건,ICH Q6A (1999) — 다형 관리 취지,VERIFIED_PRIMARY,pending_team_review,단일 회절 패턴(M_XRPD)만으로는 대체 불가
M_GFA,유리 형성능 (급랭-재가열 DSC),3,20,용융물을 급랭한 뒤 재가열하며 재결정 여부를 DSC로 관찰한다,gfa_class,ASD 후보의 물리적 안정성 신뢰도 보강(Tg 여유 계산의 검증),Baird JA Van Eerdenbrugh B Taylor LS 2010 J Pharm Sci 99:3787,VERIFIED_SECONDARY,pending_team_review,Class I(재결정)이면 ASD 부적합 신호로 피드백
M_PSD,입도분포 (레이저회절),3,50,습식 또는 건식 레이저 회절로 입도분포(d10/d50/d90)를 측정한다,psd_d50_um;psd_d90_um,MICRO 전략의 목표 입도 확인 · 함량균일성 위험 판단,알고리즘 문서 §9 (Egermann–Frank 접근),VERIFIED_SECONDARY,pending_team_review,
M_PFLOW,분체 유동성 (안식각·Carr지수·Hausner비),3,50,안식각(고정깔때기법)과 벌크/탭밀도로 Carr지수·Hausner비를 계산한다,angle_of_repose_deg;compressibility_index_percent;hausner_ratio,Gate 6R 공정 경로(직접타정 가능 여부) 결정,USP General Chapter ⟨1174⟩ Powder Flow,VERIFIED_PRIMARY,pending_team_review,
M_COMPACT,압축성 (타정압-인장강도),3,300,compaction simulator 또는 소량 정제 press로 타정압 대비 인장강도 곡선을 얻는다,tensile_strength_mpa_at_target_pressure,공정 세부 규칙(G6P)의 압축성 판정 보조 · 자동 요청 트리거 없음(선택),알고리즘 문서 §4 Tier 3 (Hiestand & Smith 1984 Powder Technol 38:145),VERIFIED_SECONDARY,pending_team_review,
M_SALT_SCREEN,염/공결정 스크리닝,strategy,300,후보 짝이온/공형성체 16–24종에 대해 결정성·Tm·흡습성·용해도·disproportionation 위험을 스크리닝한다,salt_screen_done;selected_counterion,Gate 3B 권고를 실제 후보로 좁힘,Serajuddin 2007 Adv Drug Deliv Rev 59:603,VERIFIED_SECONDARY,pending_team_review,
M_ASD_FEAS,ASD 실현성 (혼화성·과포화·가속안정성),strategy,300,"필름캐스팅으로 polymer 혼화성(단일 Tg) 확인, pH-shift 비평형 용출로 과포화 유지력(parachute) 확인, 40 °C/75 %RH 가속 후 XRPD로 재결정 여부 확인",asd_feasibility_done;asd_miscible;supersaturation_auc,ASD_SDD/ASD_HME 후보의 신뢰도(provisional→grounded),Hancock & Parks 2000 Pharm Res 17:397; Taylor & Zhang 2016 Adv Drug Deliv Rev 101:122,VERIFIED_SECONDARY,pending_team_review,
M_SEDDS_FEAS,SEDDS 실현성 (삼상도·액적크기·소화중 침전),strategy,300,삼상도로 자가유화 영역을 정하고 유화 후 액적크기(DLS)를 측정하며 in vitro lipolysis(pH-stat)로 소화 중 침전을 확인한다,sedds_feasibility_done;droplet_size_nm,LBF_SEDDS 후보의 신뢰도(provisional→grounded),Pouton 2006 Eur J Pharm Sci 29:278; Williams et al. 2013 Pharmacol Rev 65:315,VERIFIED_SECONDARY,pending_team_review,
M_CD_FEAS,CD 포접 실현성 (phase-solubility),strategy,100,Higuchi–Connors phase-solubility법으로 안정도상수 K1:1과 포접 유형(AL/AN 등)을 구한다,cd_feasibility_done;k11_m_inv,CD 후보의 신뢰도(provisional→grounded) · 실용 몰비 확인,Higuchi T Connors KA 1965 Adv Anal Chem Instrum 4:117; Loftsson & Brewster 2010 J Pharm Pharmacol 62:1607,VERIFIED_PRIMARY,pending_team_review,K1:1 100–5000 M⁻¹이면 실용적(알고리즘 문서 §7 분기 3)
