reason_code,category,description_ko,default_next_state,artifact_side_effect,severity,retryable,source_ids,governance_class,validation_status,version,effective_from
BOUNDS_UNCERTAIN,DESIGN,끝점 제조 가능성 불확실,RANGE_FINDING_RUNS,range-finding run은 fitting 제외,RULE_DEFINED,true,SPEC:v7.0§5.3,PROJECT_POLICY,DRAFT_EXPERT_REVIEW_REQUIRED,7.0.0,2026-09-26
BROWNING_DIAGNOSIS,LABLOOP,환원당·아민 조합과 수분조건 확인,FMEA_REVIEW,CREATE_DIAGNOSTIC_PLAN,REVIEW,true,SPEC:v7.0;SRC_ICH_Q9,PROJECT_POLICY,DRAFT_EXPERT_REVIEW_REQUIRED,7.0.0,2026-09-26
CANDIDATE_PREMISE_FAILURE,STRATEGY,후보 전제 붕괴,CLOSED_SUPERSEDED,child candidate 이벤트,RULE_DEFINED,true,SPEC:v7.0§5.3,PROJECT_POLICY,DRAFT_EXPERT_REVIEW_REQUIRED,7.0.0,2026-09-26
CAPPING_DIAGNOSIS,LABLOOP,압축력 하나만 원인으로 단정하지 않음,FMEA_REVIEW,CREATE_DIAGNOSTIC_PLAN,REVIEW,true,SPEC:v7.0;SRC_ICH_Q9,PROJECT_POLICY,DRAFT_EXPERT_REVIEW_REQUIRED,7.0.0,2026-09-26
CATEGORICAL_DESIGN_REQUIRED,RULE_RESULT,범주형 요인을 숫자 3수준으로 위장하지 마세요.,ADVANCED_DESIGN_REQUIRED,,BLOCKING,true,SPEC:v7.0,PROJECT_POLICY,DRAFT_EXPERT_REVIEW_REQUIRED,7.0.0,2026-09-26
CATEGORY_PROTOCOL_MISSING,DATA,범주 수준 실행 방법 없음,WAITING_FACTOR_DATA,,RULE_DEFINED,true,SPEC:v7.0§5.3,PROJECT_POLICY,DRAFT_EXPERT_REVIEW_REQUIRED,7.0.0,2026-09-26
CODED_ACTUAL_ROUNDTRIP_FAILED,RULE_RESULT,coded↔actual 변환이 왕복 일치하지 않습니다.,DESIGN_REPLAN,,BLOCKING,true,SPEC:v7.0,PROJECT_POLICY,DRAFT_EXPERT_REVIEW_REQUIRED,7.0.0,2026-09-26
CONTENT_UNIFORMITY_DIAGNOSIS,LABLOOP,위치별 시료와 독립 batch 구조 확인,FMEA_REVIEW,CREATE_DIAGNOSTIC_PLAN,REVIEW,true,SPEC:v7.0;SRC_ICH_Q9,PROJECT_POLICY,DRAFT_EXPERT_REVIEW_REQUIRED,7.0.0,2026-09-26
CQA_BOUNDS_INCOMPLETE,RULE_RESULT,판정 방식에 필요한 한계값이 없습니다.,,,BLOCKING,true,SPEC:v7.0§6.D2,PROJECT_POLICY,DRAFT_EXPERT_REVIEW_REQUIRED,7.0.0,2026-09-26
CQA_BOUNDS_INVERTED,RULE_RESULT,하한이 상한보다 큽니다.,,,BLOCKING,true,SPEC:v7.0§6.D2,PROJECT_POLICY,DRAFT_EXPERT_REVIEW_REQUIRED,7.0.0,2026-09-26
CQA_METHOD_CONTRACT_INCOMPLETE,RULE_RESULT,반응별 시험법·버전·요약함수가 필요합니다.,WAITING_CQA_APPROVAL,,INFO_WARNING,true,SPEC:v7.0,PROJECT_POLICY,DRAFT_EXPERT_REVIEW_REQUIRED,7.0.0,2026-09-26
CQA_NON_BINDING,RULE_RESULT,모든 결과가 규격에서 멀리 떨어져 영역 경계에 관여하지 않습니다.,,,INFO_WARNING,true,SPEC:v7.0§3.2,PROJECT_POLICY,DRAFT_EXPERT_REVIEW_REQUIRED,7.0.0,2026-09-26
CQA_NO_ACCEPTANCE_OPERATOR,RULE_RESULT,"판정 방식(acceptance_operator: LE, GE, BETWEEN, TARGET_TOL)이 필요합니다.",,,BLOCKING,true,SPEC:v7.0§6.D2,PROJECT_POLICY,DRAFT_EXPERT_REVIEW_REQUIRED,7.0.0,2026-09-26
CQA_NO_METHOD,RULE_RESULT,시험법과 단위가 없는 CQA는 DoE 반응이 될 수 없습니다.,,,BLOCKING,true,SPEC:v7.0§6.D2,PROJECT_POLICY,DRAFT_EXPERT_REVIEW_REQUIRED,7.0.0,2026-09-26
CQA_NO_PRACTICAL_THRESHOLD,RULE_RESULT,실질 효과 기준(delta)이 없으면 screening 판정이 INCONCLUSIVE가 됩니다.,,,INFO_WARNING,true,SPEC:v7.0§6.D7,PROJECT_POLICY,DRAFT_EXPERT_REVIEW_REQUIRED,7.0.0,2026-09-26
CQA_NO_REPLICATE_POLICY,RULE_RESULT,검체수와 요약 방법을 정하세요.,,,INFO_WARNING,true,SPEC:v7.0§8.B.7,PROJECT_POLICY,DRAFT_EXPERT_REVIEW_REQUIRED,7.0.0,2026-09-26
CQA_RELATIVE_CRITERION_ONLY,RULE_RESULT,상대 기준(예: 최선 대비 f2)은 보조 지표로만 쓸 수 있습니다.,,,BLOCKING,true,SPEC:v7.0§6.D2,PROJECT_POLICY,DRAFT_EXPERT_REVIEW_REQUIRED,7.0.0,2026-09-26
CQA_RESPONSE_LIMIT_EXCEEDED,RULE_RESULT,DOE_RESPONSE는 최대 4개까지 선택할 수 있습니다.,WAITING_CQA_APPROVAL,,BLOCKING,true,SPEC:v7.0,PROJECT_POLICY,DRAFT_EXPERT_REVIEW_REQUIRED,7.0.0,2026-09-26
CQA_TARGET_UNJUSTIFIED,RULE_RESULT,프로젝트 목표값의 근거를 기록하세요.,,,INFO_WARNING,true,SPEC:v7.0§6.D2,PROJECT_POLICY,DRAFT_EXPERT_REVIEW_REQUIRED,7.0.0,2026-09-26
CRITERIA_RELAXED_POST_HOC,RULE_RESULT,결과를 본 뒤 규격을 완화할 수 없습니다.,,,BLOCKING,true,SPEC:v7.0§6.D9,PROJECT_POLICY,DRAFT_EXPERT_REVIEW_REQUIRED,7.0.0,2026-09-26
CURVATURE_DETECTED,ANALYSIS,곡률 감지,RSM_PLANNING,,RULE_DEFINED,true,SPEC:v7.0§5.3,PROJECT_POLICY,DRAFT_EXPERT_REVIEW_REQUIRED,7.0.0,2026-09-26
DESIGN_BACKEND_UNSUPPORTED,RULE_RESULT,MVP 백엔드가 지원하지 않는 설계·요인 조합입니다 (manifest backend_capabilities).,,,BLOCKING,true,SPEC:v7.0§6.D5,PROJECT_POLICY,DRAFT_EXPERT_REVIEW_REQUIRED,7.0.0,2026-09-26
DESIGN_BBD_17,RULE_RESULT,3요인 Box–Behnken 17-run을 생성합니다.,DOE_PLAN_DRAFT,,BLOCKING,true,SRC_BOX_BEHNKEN_1960,PROJECT_POLICY,DRAFT_EXPERT_REVIEW_REQUIRED,7.0.0,2026-09-26
DESIGN_BBD_DOMAIN_POLICY,RULE_RESULT,Box-Behnken의 supported domain은 설계점 convex hull입니다. 정육면체 꼭짓점 영역은 영역 계산에서 제외됩니다.,,,INFO_WARNING,true,SRC_BOX_BEHNKEN_1960,PROJECT_POLICY,DRAFT_EXPERT_REVIEW_REQUIRED,7.0.0,2026-09-26
DESIGN_BBD_FACTOR_COUNT,RULE_RESULT,Box-Behnken은 연속요인 3개 이상에서만 정의됩니다.,,,BLOCKING,true,SRC_BOX_BEHNKEN_1960,PROJECT_POLICY,DRAFT_EXPERT_REVIEW_REQUIRED,7.0.0,2026-09-26
DESIGN_BLOCK_CONFOUNDED,RULE_RESULT,블록이 모형 항과 교락됩니다.,,,INFO_WARNING,true,SRC_MONTGOMERY_DAE,PROJECT_POLICY,DRAFT_EXPERT_REVIEW_REQUIRED,7.0.0,2026-09-26
DESIGN_DUPLICATE_RUNS,RULE_RESULT,의도하지 않은 중복 run이 있습니다.,,,INFO_WARNING,true,SPEC:v7.0§8.C.15,PROJECT_POLICY,DRAFT_EXPERT_REVIEW_REQUIRED,7.0.0,2026-09-26
DESIGN_FCCD_13,RULE_RESULT,2요인 face-centered CCD 13-run을 생성합니다.,DOE_PLAN_DRAFT,,BLOCKING,true,SRC_BOX_WILSON_1951,PROJECT_POLICY,DRAFT_EXPERT_REVIEW_REQUIRED,7.0.0,2026-09-26
DESIGN_FEW_CENTERS,RULE_RESULT,중심점이 부족해 곡률과 pure error 추정이 어렵습니다.,,,INFO_WARNING,true,SRC_NIST_HANDBOOK,PROJECT_POLICY,DRAFT_EXPERT_REVIEW_REQUIRED,7.0.0,2026-09-26
DESIGN_LOW_RESIDUAL_DF,RULE_RESULT,잔차 자유도가 적습니다.,,,INFO_WARNING,true,SPEC:v7.0§8.C.15,PROJECT_POLICY,DRAFT_EXPERT_REVIEW_REQUIRED,7.0.0,2026-09-26
DESIGN_MIXTURE_SUM_VIOLATED,DESIGN,조성 합계 위반,DESIGN_REPLAN,plan → REJECTED,RULE_DEFINED,true,SPEC:v7.0§5.3,PROJECT_POLICY,DRAFT_EXPERT_REVIEW_REQUIRED,7.0.0,2026-09-26
DESIGN_NOT_REPRODUCIBLE,RULE_RESULT,seed와 생성기 버전이 필요합니다.,,,BLOCKING,true,SPEC:v7.0§6.D5,PROJECT_POLICY,DRAFT_EXPERT_REVIEW_REQUIRED,7.0.0,2026-09-26
DESIGN_NO_RESIDUAL_DF,DESIGN,잔차 자유도 없음,DESIGN_REPLAN,plan → REJECTED,RULE_DEFINED,true,SPEC:v7.0§5.3,PROJECT_POLICY,DRAFT_EXPERT_REVIEW_REQUIRED,7.0.0,2026-09-26
DESIGN_ONE_FACTOR_QUADRATIC,RULE_RESULT,1요인 3수준 quadratic 7-run 설계를 생성합니다.,DOE_PLAN_DRAFT,,BLOCKING,true,SRC_MONTGOMERY_DAE,PROJECT_POLICY,DRAFT_EXPERT_REVIEW_REQUIRED,7.0.0,2026-09-26
DESIGN_RANDOMIZATION_MISSING,RULE_RESULT,random seed와 실행순서를 고정하세요.,DESIGN_REPLAN,,INFO_WARNING,true,SPEC:v7.0,PROJECT_POLICY,DRAFT_EXPERT_REVIEW_REQUIRED,7.0.0,2026-09-26
DESIGN_RANK_DEFICIENT,DESIGN,모형 항 추정 불가,DESIGN_REPLAN,plan → REJECTED,RULE_DEFINED,true,SPEC:v7.0§5.3,PROJECT_POLICY,DRAFT_EXPERT_REVIEW_REQUIRED,7.0.0,2026-09-26
DESIGN_RES_III_WARNING,RULE_RESULT,Resolution III 설계입니다.,,,INFO_WARNING,true,SRC_NIST_HANDBOOK,PROJECT_POLICY,DRAFT_EXPERT_REVIEW_REQUIRED,7.0.0,2026-09-26
DESIGN_RSM_DIRECT,DESIGN,RSM 직행,RSM_PLANNING,,RULE_DEFINED,true,SPEC:v7.0§5.3,PROJECT_POLICY,DRAFT_EXPERT_REVIEW_REQUIRED,7.0.0,2026-09-26
DESIGN_RUN_DUPLICATE_OR_MISSING,RULE_RESULT,설계행렬에 중복 또는 누락 run이 있습니다.,DESIGN_REPLAN,,BLOCKING,true,SPEC:v7.0,PROJECT_POLICY,DRAFT_EXPERT_REVIEW_REQUIRED,7.0.0,2026-09-26
DISSOLUTION_SUMMARY_UNDEFINED,RULE_RESULT,"용출은 단일 요약값(특정 시점 %, DE, profile model 중 하나)을 정해야 합니다.",,,BLOCKING,true,SPEC:v7.0§6.D2,PROJECT_POLICY,DRAFT_EXPERT_REVIEW_REQUIRED,7.0.0,2026-09-26
EMPTY_COMMON_REGION,STRATEGY,공동 영역 없음,STRATEGY_REVIEW,,RULE_DEFINED,true,SPEC:v7.0§5.3,PROJECT_POLICY,DRAFT_EXPERT_REVIEW_REQUIRED,7.0.0,2026-09-26
EMPTY_FACTOR_INTERSECTION,STRATEGY,실행 가능 범위 교집합 없음,STRATEGY_REVIEW,,RULE_DEFINED,true,SPEC:v7.0§5.3,PROJECT_POLICY,DRAFT_EXPERT_REVIEW_REQUIRED,7.0.0,2026-09-26
EXTERNAL_RANGE_APPLICABILITY_UNCONFIRMED,RULE_RESULT,외부 원자료의 API·등급·설비·규모 적용성을 확인하세요.,WAITING_FACTOR_DATA,,INFO_WARNING,true,SPEC:v7.0,PROJECT_POLICY,DRAFT_EXPERT_REVIEW_REQUIRED,7.0.0,2026-09-26
FACTOR_COUNT_UNSUPPORTED,RULE_RESULT,MVP 백엔드가 지원하는 screening 요인 수를 초과했습니다.,,,BLOCKING,true,SPEC:v7.0§1.2,PROJECT_POLICY,DRAFT_EXPERT_REVIEW_REQUIRED,7.0.0,2026-09-26
FACTOR_LIMIT_EXCEEDED,RULE_RESULT,RSM 요인은 최대 3개입니다.,WAITING_FACTOR_APPROVAL,,BLOCKING,true,SPEC:v7.0,PROJECT_POLICY,DRAFT_EXPERT_REVIEW_REQUIRED,7.0.0,2026-09-26
FACTOR_NOT_CONTROLLABLE,RULE_RESULT,조절도 측정도 불가능한 항목은 요인이 될 수 없습니다.,,,BLOCKING,true,SPEC:v7.0§8.B.10,PROJECT_POLICY,DRAFT_EXPERT_REVIEW_REQUIRED,7.0.0,2026-09-26
FACTOR_NOT_EXECUTABLE,RULE_RESULT,보유 설비로 실행할 수 없는 요인입니다.,,,BLOCKING,true,SPEC:v7.0§8.B.10,PROJECT_POLICY,DRAFT_EXPERT_REVIEW_REQUIRED,7.0.0,2026-09-26
FACTOR_NO_CQA_LINK,RULE_RESULT,선택 요인은 하나 이상의 CQA와 연결되어야 합니다.,WAITING_FACTOR_APPROVAL,,BLOCKING,true,SPEC:v7.0,PROJECT_POLICY,DRAFT_EXPERT_REVIEW_REQUIRED,7.0.0,2026-09-26
FACTOR_PROHIBITED,RULE_RESULT,안전·규제상 금지된 항목입니다.,,,BLOCKING,true,SPEC:v7.0§6.D3,PROJECT_POLICY,DRAFT_EXPERT_REVIEW_REQUIRED,7.0.0,2026-09-26
FACTOR_RECOMMEND_DOE,RULE_RESULT,DoE 요인 후보로 권고합니다.,,,INFO_WARNING,true,SPEC:v7.0§6.D3,PROJECT_POLICY,DRAFT_EXPERT_REVIEW_REQUIRED,7.0.0,2026-09-26
FACTOR_RECOMMEND_EXCLUDE,RULE_RESULT,근거로 위험이 낮아 제외를 권고합니다.,,,INFO_WARNING,true,SPEC:v7.0§6.D3,PROJECT_POLICY,DRAFT_EXPERT_REVIEW_REQUIRED,7.0.0,2026-09-26
FACTOR_RECOMMEND_FIXED,RULE_RESULT,기능상 고정 관리가 적절합니다.,,,INFO_WARNING,true,SPEC:v7.0§6.D3,PROJECT_POLICY,DRAFT_EXPERT_REVIEW_REQUIRED,7.0.0,2026-09-26
FACTOR_REDEFINED,DESIGN,요인 종류·척도 재정의,FACTOR_READINESS,FactorDefinition 새 버전,RULE_DEFINED,true,SPEC:v7.0§5.3,PROJECT_POLICY,DRAFT_EXPERT_REVIEW_REQUIRED,7.0.0,2026-09-26
FACTOR_REDUNDANT,RULE_RESULT,다른 요인과 중복됩니다.,,,INFO_WARNING,true,SPEC:v7.0§8.B.10,PROJECT_POLICY,DRAFT_EXPERT_REVIEW_REQUIRED,7.0.0,2026-09-26
FACTOR_TOTAL_WEIGHT_VARIES,RULE_RESULT,절대량(mg) 변경으로 정제 총중량이 변합니다.,,,INFO_WARNING,true,SPEC:v7.0§3.4,PROJECT_POLICY,DRAFT_EXPERT_REVIEW_REQUIRED,7.0.0,2026-09-26
FACTOR_UNMANAGED,RULE_RESULT,값이 기록되지 않은 공정변수입니다. scope 제한으로 기록됩니다.,,,INFO_WARNING,true,SPEC:v7.0§6.D1,PROJECT_POLICY,DRAFT_EXPERT_REVIEW_REQUIRED,7.0.0,2026-09-26
FEASIBILITY_BOUNDARY_FAILED,RULE_RESULT,일부 경계가 실행 불가능하여 범위를 축소·이동해야 합니다.,RANGE_REVISION_REQUIRED,,BLOCKING,true,SPEC:v7.0,PROJECT_POLICY,DRAFT_EXPERT_REVIEW_REQUIRED,7.0.0,2026-09-26
FEASIBILITY_CENTER_FAILED,RULE_RESULT,중심 prototype이 성립하지 않아 상류 처방을 재검토합니다.,PROTOTYPE_REVISION_REQUIRED,,BLOCKING,true,SPEC:v7.0,PROJECT_POLICY,DRAFT_EXPERT_REVIEW_REQUIRED,7.0.0,2026-09-26
FEASIBILITY_CONDITION_COUNT_INVALID,RULE_RESULT,2요인 feasibility는 중심 1 + 축점 4 = 5조건입니다.,NEEDS_FEASIBILITY,,BLOCKING,true,SPEC:v7.0,PROJECT_POLICY,DRAFT_EXPERT_REVIEW_REQUIRED,7.0.0,2026-09-26
FEASIBILITY_DATA_IN_FIT_FORBIDDEN,RULE_RESULT,Feasibility 결과는 기본 RSM fitting set에 포함하지 않습니다.,RESULT_QUALITY_REVIEW,,BLOCKING,true,SPEC:v7.0,PROJECT_POLICY,DRAFT_EXPERT_REVIEW_REQUIRED,7.0.0,2026-09-26
FEASIBILITY_GEOMETRY_INVALID,RULE_RESULT,각 축점에서는 한 요인만 바꾸고 나머지는 중심에 둡니다.,NEEDS_FEASIBILITY,,BLOCKING,true,SPEC:v7.0,PROJECT_POLICY,DRAFT_EXPERT_REVIEW_REQUIRED,7.0.0,2026-09-26
FEASIBILITY_OBJECTIVE_MISSTATED,RULE_RESULT,Feasibility의 목적은 최적화가 아니라 범위 실행 가능성 확인입니다.,,,INFO_WARNING,true,SPEC:v7.0,PROJECT_POLICY,DRAFT_EXPERT_REVIEW_REQUIRED,7.0.0,2026-09-26
FEASIBILITY_PASSED,RULE_RESULT,제안 범위가 제조·측정 가능한 것으로 확인되었습니다.,DOE_RANGE_READY,,BLOCKING,true,SPEC:v7.0,PROJECT_POLICY,DRAFT_EXPERT_REVIEW_REQUIRED,7.0.0,2026-09-26
FEASIBILITY_RESULT_INCOMPLETE,RULE_RESULT,결과 누락 또는 시험 오류를 해소하세요.,WAITING_FEASIBILITY_RESULTS,,INFO_WARNING,true,SPEC:v7.0,PROJECT_POLICY,DRAFT_EXPERT_REVIEW_REQUIRED,7.0.0,2026-09-26
FRIABILITY_DIAGNOSIS,LABLOOP,기계적 CQA와 원인시험을 분리,FMEA_REVIEW,CREATE_DIAGNOSTIC_PLAN,REVIEW,true,SPEC:v7.0;SRC_ICH_Q9,PROJECT_POLICY,DRAFT_EXPERT_REVIEW_REQUIRED,7.0.0,2026-09-26
HANDOFF_NOT_IMMUTABLE,RULE_RESULT,후보 버전과 formulation fingerprint가 잠기지 않았습니다.,WAITING_REQUIRED_DATA,,BLOCKING,true,SPEC:v7.0,PROJECT_POLICY,DRAFT_EXPERT_REVIEW_REQUIRED,7.0.0,2026-09-26
HANDOFF_VALUE_ROLE_INVALID,RULE_RESULT,상류 처방 수치는 REFERENCE_PROTOTYPE으로 명시해야 합니다.,WAITING_REQUIRED_DATA,,BLOCKING,true,SPEC:v7.0,PROJECT_POLICY,DRAFT_EXPERT_REVIEW_REQUIRED,7.0.0,2026-09-26
HIGH_PURE_ERROR,PROCESS_METHOD,반복 오차 과다,DIAGNOSING,model → HOLD,RULE_DEFINED,true,SPEC:v7.0§5.3,PROJECT_POLICY,DRAFT_EXPERT_REVIEW_REQUIRED,7.0.0,2026-09-26
HIGH_RISK_FACTOR_NOT_ACCOUNTED,RULE_RESULT,선택하지 않은 고위험 변수의 고정값·근거·not_evaluated 범위를 기록하세요.,WAITING_FACTOR_APPROVAL,,INFO_WARNING,true,SPEC:v7.0,PROJECT_POLICY,DRAFT_EXPERT_REVIEW_REQUIRED,7.0.0,2026-09-26
HIGH_SEVERITY_EXCLUSION_BLOCKED,RULE_RESULT,고심각도 항목은 발생도와 무관하게 대체관리·승인 없이 제외할 수 없습니다.,,,BLOCKING,true,SPEC:v7.0§6.D3,PROJECT_POLICY,DRAFT_EXPERT_REVIEW_REQUIRED,7.0.0,2026-09-26
IMPURITY_DIAGNOSIS,LABLOOP,분해물 동정 전 반응경로 확정 금지,FMEA_REVIEW,CREATE_DIAGNOSTIC_PLAN,REVIEW,true,SPEC:v7.0;SRC_ICH_Q9,PROJECT_POLICY,DRAFT_EXPERT_REVIEW_REQUIRED,7.0.0,2026-09-26
INCONCLUSIVE,ANALYSIS,효과구간이 기준에 걸침,SCREENING_AUGMENTATION,,RULE_DEFINED,true,SPEC:v7.0§5.3,PROJECT_POLICY,DRAFT_EXPERT_REVIEW_REQUIRED,7.0.0,2026-09-26
LINEAGE_MISMATCH,GOVERNANCE,lineage·scope 불일치,WAITING_AUDIT_REVIEW,복귀 지점 저장,RULE_DEFINED,true,SPEC:v7.0§5.3,PROJECT_POLICY,DRAFT_EXPERT_REVIEW_REQUIRED,7.0.0,2026-09-26
LITERATURE_REPLAY_NOT_INDEPENDENT,RULE_RESULT,문헌 재현 설계는 독립 최적화나 신규 API 근거가 아닙니다.,DOE_PLAN_DRAFT,,INFO_WARNING,true,SPEC:v7.0,PROJECT_POLICY,DRAFT_EXPERT_REVIEW_REQUIRED,7.0.0,2026-09-26
LITERATURE_REPLAY_RANGE_ONLY,RULE_RESULT,문헌 재현 전용 범위이며 신규 API의 독립 근거가 아닙니다.,DOE_RANGE_READY,,INFO_WARNING,true,SPEC:v7.0,PROJECT_POLICY,DRAFT_EXPERT_REVIEW_REQUIRED,7.0.0,2026-09-26
LOF_STATUS_INCONSISTENT,RULE_RESULT,LOF_NOT_ESTIMABLE을 비유의 LOF와 혼동할 수 없습니다.,MODEL_INADEQUATE,,BLOCKING,true,SPEC:v7.0,PROJECT_POLICY,DRAFT_EXPERT_REVIEW_REQUIRED,7.0.0,2026-09-26
LOW_DISSOLUTION_DIAGNOSIS,LABLOOP,원인 확정 전 처방을 자동 변경하지 않음,FMEA_REVIEW,CREATE_DIAGNOSTIC_PLAN,REVIEW,true,SPEC:v7.0;SRC_ICH_Q9,PROJECT_POLICY,DRAFT_EXPERT_REVIEW_REQUIRED,7.0.0,2026-09-26
MISSING_INPUT,DATA,필수 입력 누락,WAITING_REQUIRED_DATA,,RULE_DEFINED,true,SPEC:v7.0§5.3,PROJECT_POLICY,DRAFT_EXPERT_REVIEW_REQUIRED,7.0.0,2026-09-26
MIXTURE_DESIGN_REQUIRED,RULE_RESULT,합 제약 요인은 표준 FCCD/BBD로 처리할 수 없습니다.,ADVANCED_DESIGN_REQUIRED,,BLOCKING,true,SPEC:v7.0,PROJECT_POLICY,DRAFT_EXPERT_REVIEW_REQUIRED,7.0.0,2026-09-26
MODEL_AUTO_STEPWISE,RULE_RESULT,자동 stepwise 항 삭제는 허용되지 않습니다.,,,BLOCKING,true,SPEC:v7.0§14.10,PROJECT_POLICY,DRAFT_EXPERT_REVIEW_REQUIRED,7.0.0,2026-09-26
MODEL_FLAGGED,ANALYSIS,"과적합 의심, 연구자 판단",WAITING_MODEL_APPROVAL,,RULE_DEFINED,true,SPEC:v7.0§5.3,PROJECT_POLICY,DRAFT_EXPERT_REVIEW_REQUIRED,7.0.0,2026-09-26
MODEL_HIERARCHY_VIOLATION,RULE_RESULT,계층성을 위반합니다.,,,BLOCKING,true,SRC_MONTGOMERY_DAE,PROJECT_POLICY,DRAFT_EXPERT_REVIEW_REQUIRED,7.0.0,2026-09-26
MODEL_INFLUENCE_FLAG,RULE_RESULT,영향점이 있습니다. 조사 신호이며 자동 삭제하지 않습니다.,,,INFO_WARNING,true,SRC_COOK_1977,PROJECT_POLICY,DRAFT_EXPERT_REVIEW_REQUIRED,7.0.0,2026-09-26
MODEL_INPUT_NOT_PERMITTED,RULE_RESULT,확인되지 않았거나 적합에 쓸 수 없는 근거 등급의 결과가 포함되어 있습니다.,,,BLOCKING,true,SPEC:v7.0§14.7,PROJECT_POLICY,DRAFT_EXPERT_REVIEW_REQUIRED,7.0.0,2026-09-26
MODEL_INVALID,ANALYSIS,"모델 무효(rank, df, LOF)",RSM_AUGMENTATION,model → REJECTED,RULE_DEFINED,true,SPEC:v7.0§5.3,PROJECT_POLICY,DRAFT_EXPERT_REVIEW_REQUIRED,7.0.0,2026-09-26
MODEL_LEVERAGE_FLAG,RULE_RESULT,고leverage 점이 있습니다.,,,INFO_WARNING,true,SRC_MONTGOMERY_DAE,PROJECT_POLICY,DRAFT_EXPERT_REVIEW_REQUIRED,7.0.0,2026-09-26
MODEL_LOF_DIAGNOSIS,LABLOOP,등록 후보와 augmentation 필요성을 재검토,DOE_AUGMENTATION_REVIEW,CREATE_DIAGNOSTIC_PLAN,BLOCKING,true,SPEC:v7.0;SRC_ICH_Q9,PROJECT_POLICY,DRAFT_EXPERT_REVIEW_REQUIRED,7.0.0,2026-09-26
MODEL_LOF_NOT_COMPUTABLE,RULE_RESULT,적합결여를 계산할 수 없습니다 (비유의와 다름).,,,INFO_WARNING,true,SPEC:v7.0§6.D8,PROJECT_POLICY,DRAFT_EXPERT_REVIEW_REQUIRED,7.0.0,2026-09-26
MODEL_LOW_PREDICTIVE_POWER,RULE_RESULT,예측력이 낮아 예측구간이 넓어집니다.,,,INFO_WARNING,true,SPEC:v7.0§6.D8,PROJECT_POLICY,DRAFT_EXPERT_REVIEW_REQUIRED,7.0.0,2026-09-26
MODEL_LOW_PURE_ERROR_DF,RULE_RESULT,pure error 자유도가 적어 적합결여 검정력이 약합니다.,,,INFO_WARNING,true,SPEC:v7.0§6.D8,PROJECT_POLICY,DRAFT_EXPERT_REVIEW_REQUIRED,7.0.0,2026-09-26
MODEL_NONPHYSICAL_PREDICTION,RULE_RESULT,실험영역 안에서 비현실 예측이 발생합니다.,MODEL_INADEQUATE,,BLOCKING,true,SPEC:v7.0,PROJECT_POLICY,DRAFT_EXPERT_REVIEW_REQUIRED,7.0.0,2026-09-26
MODEL_PREDICTIVITY_DIAGNOSIS,LABLOOP,훈련 R²만으로 모델을 유지하지 않음,DOE_AUGMENTATION_REVIEW,CREATE_DIAGNOSTIC_PLAN,REVIEW,true,SPEC:v7.0;SRC_ICH_Q9,PROJECT_POLICY,DRAFT_EXPERT_REVIEW_REQUIRED,7.0.0,2026-09-26
MODEL_RESIDUAL_PATTERN,RULE_RESULT,잔차에 구조가 있습니다. 변환을 검토하세요.,,,INFO_WARNING,true,SRC_MONTGOMERY_DAE,PROJECT_POLICY,DRAFT_EXPERT_REVIEW_REQUIRED,7.0.0,2026-09-26
NLP_EXTRACTION_REVIEW_REQUIRED,LABLOOP,구조화 추출값을 연구자가 확인한 뒤 사용,WAITING_BATCH_RESULTS,CREATE_DIAGNOSTIC_PLAN,BLOCKING,true,SPEC:v7.0;SRC_ICH_Q9,PROJECT_POLICY,DRAFT_EXPERT_REVIEW_REQUIRED,7.0.0,2026-09-26
NO_ACTIVE_FACTOR,STRATEGY,활성 요인 없음,STRATEGY_REVIEW,,RULE_DEFINED,true,SPEC:v7.0§5.3,PROJECT_POLICY,DRAFT_EXPERT_REVIEW_REQUIRED,7.0.0,2026-09-26
OPERATING_RANGE_NOT_SUBSET,RULE_RESULT,권장 운전범위는 영역의 부분집합이어야 합니다.,,,BLOCKING,true,SPEC:v7.0§14.17,PROJECT_POLICY,DRAFT_EXPERT_REVIEW_REQUIRED,7.0.0,2026-09-26
OPTIONAL_SCREENING_REQUIRED,RULE_RESULT,요인이 4개 이상이면 선택적 screening으로 active factor를 축소하세요.,OPTIONAL_SCREENING,,BLOCKING,true,SRC_NIST_HANDBOOK,PROJECT_POLICY,DRAFT_EXPERT_REVIEW_REQUIRED,7.0.0,2026-09-26
PROTOCOL_EXECUTION_FIELDS_MISSING,RULE_RESULT,샘플링·중단기준·일탈 기록란이 필요합니다.,WAITING_PROTOCOL_DATA,,INFO_WARNING,true,SPEC:v7.0,PROJECT_POLICY,DRAFT_EXPERT_REVIEW_REQUIRED,7.0.0,2026-09-26
PROTOCOL_UNSUPPORTED_PARAMETER,RULE_RESULT,근거 없는 RPM·시간·압력은 생성하지 않습니다.,WAITING_PROTOCOL_DATA,,INFO_WARNING,true,SPEC:v7.0,PROJECT_POLICY,DRAFT_EXPERT_REVIEW_REQUIRED,7.0.0,2026-09-26
PROTOTYPE_AUTO_CENTER_FORBIDDEN,RULE_RESULT,후보처방 수치를 근거 없이 중심값으로 사용할 수 없습니다.,WAITING_FACTOR_DATA,,BLOCKING,true,SPEC:v7.0,PROJECT_POLICY,DRAFT_EXPERT_REVIEW_REQUIRED,7.0.0,2026-09-26
RANGE_CONSTRAINT_VIOLATION,RULE_RESULT,조성·설비·안전 제약을 위반하는 범위입니다.,RANGE_REVISION_REQUIRED,,BLOCKING,true,SPEC:v7.0,PROJECT_POLICY,DRAFT_EXPERT_REVIEW_REQUIRED,7.0.0,2026-09-26
RANGE_EVIDENCE_ACCEPTED,RULE_RESULT,모든 선택 요인의 범위 근거가 RSM 직행 기준을 충족합니다.,DOE_RANGE_READY,,BLOCKING,true,SPEC:v7.0,PROJECT_POLICY,DRAFT_EXPERT_REVIEW_REQUIRED,7.0.0,2026-09-26
RANGE_EVIDENCE_STATUS_MISSING,RULE_RESULT,각 경계값의 evidence status가 필요합니다.,WAITING_FACTOR_DATA,,INFO_WARNING,true,SPEC:v7.0,PROJECT_POLICY,DRAFT_EXPERT_REVIEW_REQUIRED,7.0.0,2026-09-26
RANGE_LEVEL_MISSING,RULE_RESULT,low·center·high 3수준을 모두 입력하세요.,WAITING_FACTOR_DATA,,INFO_WARNING,true,SPEC:v7.0,PROJECT_POLICY,DRAFT_EXPERT_REVIEW_REQUIRED,7.0.0,2026-09-26
RANGE_MISSING,DATA,요인 범위·근거 누락,WAITING_FACTOR_DATA,,RULE_DEFINED,true,SPEC:v7.0§5.3,PROJECT_POLICY,DRAFT_EXPERT_REVIEW_REQUIRED,7.0.0,2026-09-26
RANGE_ORDER_INVALID,RULE_RESULT,범위는 low < center < high여야 합니다.,WAITING_FACTOR_DATA,,BLOCKING,true,SPEC:v7.0,PROJECT_POLICY,DRAFT_EXPERT_REVIEW_REQUIRED,7.0.0,2026-09-26
RANGE_OUTSIDE_TYPICAL,RULE_RESULT,통상 사용범위를 벗어납니다. 이는 절대 한계가 아니므로 연구 목적과 근거를 기록하세요.,,,INFO_WARNING,true,SPEC:v7.0,PROJECT_POLICY,DRAFT_EXPERT_REVIEW_REQUIRED,7.0.0,2026-09-26
RANGE_REQUIRES_FEASIBILITY,RULE_RESULT,신규 API의 제안 범위는 feasibility 확인이 필요합니다.,NEEDS_FEASIBILITY,,BLOCKING,true,SPEC:v7.0,PROJECT_POLICY,DRAFT_EXPERT_REVIEW_REQUIRED,7.0.0,2026-09-26
RANGE_UNIT_INCOMPATIBLE,RULE_RESULT,요인 단위와 quantity kind가 호환되지 않습니다.,WAITING_FACTOR_DATA,,BLOCKING,true,SPEC:v7.0,PROJECT_POLICY,DRAFT_EXPERT_REVIEW_REQUIRED,7.0.0,2026-09-26
RANGE_UNIT_MISSING,RULE_RESULT,요인의 quantity kind와 단위가 필요합니다.,WAITING_FACTOR_DATA,,INFO_WARNING,true,SPEC:v7.0,PROJECT_POLICY,DRAFT_EXPERT_REVIEW_REQUIRED,7.0.0,2026-09-26
REFERENCE_REVIEW_REQUESTED,RULE_RESULT,참고 배치가 예측과 다릅니다. 영역에는 영향이 없으며 검토 요청만 생성합니다.,,,INFO_WARNING,true,SPEC:v7.0§14.25,PROJECT_POLICY,DRAFT_EXPERT_REVIEW_REQUIRED,7.0.0,2026-09-26
REGION_DIRECT_VERIFICATION_FORBIDDEN,RULE_RESULT,모델 계산 단계에서는 provisional 영역만 생성할 수 있습니다.,PROVISIONAL_DESIGN_SPACE,,BLOCKING,true,SPEC:v7.0,PROJECT_POLICY,DRAFT_EXPERT_REVIEW_REQUIRED,7.0.0,2026-09-26
REGION_DOMAIN_UNDEFINED,RULE_RESULT,"domain 정책(형태, membership 알고리즘, 분모)이 필요합니다.",,,BLOCKING,true,SPEC:v7.0§6.D9,PROJECT_POLICY,DRAFT_EXPERT_REVIEW_REQUIRED,7.0.0,2026-09-26
REGION_EMPTY,RULE_RESULT,모든 DOE_RESPONSE의 교집합이 비어 있습니다.,MODEL_INADEQUATE,,BLOCKING,true,SPEC:v7.0,PROJECT_POLICY,DRAFT_EXPERT_REVIEW_REQUIRED,7.0.0,2026-09-26
REGION_EMPTY_DIAGNOSIS,LABLOOP,규격 완화가 아니라 범위·모형·CQA 계약을 검토,FMEA_REVIEW,CREATE_DIAGNOSTIC_PLAN,BLOCKING,true,SPEC:v7.0;SRC_ICH_Q9,PROJECT_POLICY,DRAFT_EXPERT_REVIEW_REQUIRED,7.0.0,2026-09-26
REGION_EXTRAPOLATION,RULE_RESULT,supported domain 밖은 영역에 포함할 수 없습니다.,,,BLOCKING,true,SPEC:v7.0§14.13,PROJECT_POLICY,DRAFT_EXPERT_REVIEW_REQUIRED,7.0.0,2026-09-26
REGION_INDEPENDENCE_ASSUMED,RULE_RESULT,반응 간 독립을 가정한 공동확률입니다 (MVP 근사).,,,INFO_WARNING,true,SPEC:v7.0§6.D9,PROJECT_POLICY,DRAFT_EXPERT_REVIEW_REQUIRED,7.0.0,2026-09-26
REGION_INVALID_MODEL_INPUT,RULE_RESULT,검증되지 않은 모델은 영역 입력이 될 수 없습니다.,,,BLOCKING,true,SPEC:v7.0§14.12,PROJECT_POLICY,DRAFT_EXPERT_REVIEW_REQUIRED,7.0.0,2026-09-26
REGION_NO_UNCERTAINTY,RULE_RESULT,평균 예측만으로 영역을 만들 수 없습니다.,,,BLOCKING,true,SPEC:v7.0§6.D9,PROJECT_POLICY,DRAFT_EXPERT_REVIEW_REQUIRED,7.0.0,2026-09-26
REGION_SCOPE_MISSING,RULE_RESULT,성립 조건(scope)이 필요합니다.,,,BLOCKING,true,SPEC:v7.0§14.18,PROJECT_POLICY,DRAFT_EXPERT_REVIEW_REQUIRED,7.0.0,2026-09-26
RESULT_DIGITIZED,RULE_RESULT,디지타이징 값입니다. pure error와 확인 판정에는 쓰지 않습니다.,,,INFO_WARNING,true,SPEC:v7.0§8.A.2,PROJECT_POLICY,DRAFT_EXPERT_REVIEW_REQUIRED,7.0.0,2026-09-26
RESULT_EVIDENCE_NOT_PERMITTED,RULE_RESULT,이 근거 등급의 값은 분석 입력으로 쓸 수 없습니다.,,,BLOCKING,true,SPEC:v7.0§8.A.2,PROJECT_POLICY,DRAFT_EXPERT_REVIEW_REQUIRED,7.0.0,2026-09-26
RESULT_INDEPENDENCE_UNKNOWN,RULE_RESULT,독립 batch·배치 내 반복·기술반복 구조를 확인하세요.,WAITING_BATCH_RESULTS,,INFO_WARNING,true,SPEC:v7.0,PROJECT_POLICY,DRAFT_EXPERT_REVIEW_REQUIRED,7.0.0,2026-09-26
RESULT_METHOD_VERSION_MIXED,RULE_RESULT,시험법 버전 혼재를 해소해야 분석할 수 있습니다.,WAITING_BATCH_RESULTS,,BLOCKING,true,SPEC:v7.0,PROJECT_POLICY,DRAFT_EXPERT_REVIEW_REQUIRED,7.0.0,2026-09-26
RESULT_NO_BATCH,DATA,batch_id 없음,WAITING_BATCH_RESULTS,,RULE_DEFINED,true,SPEC:v7.0§5.3,PROJECT_POLICY,DRAFT_EXPERT_REVIEW_REQUIRED,7.0.0,2026-09-26
RESULT_NO_INDIVIDUAL_VALUES,RULE_RESULT,개별값이 없습니다. 요약값만 사용합니다.,,,INFO_WARNING,true,SPEC:v7.0§8.D.18,PROJECT_POLICY,DRAFT_EXPERT_REVIEW_REQUIRED,7.0.0,2026-09-26
RESULT_NO_METHOD_VERSION,DATA,시험법 버전 없음,WAITING_BATCH_RESULTS,,RULE_DEFINED,true,SPEC:v7.0§5.3,PROJECT_POLICY,DRAFT_EXPERT_REVIEW_REQUIRED,7.0.0,2026-09-26
RESULT_PSEUDO_REPLICATION,RULE_RESULT,"같은 배치(재시험, 재타정, 재주입 포함)의 반복을 독립 run으로 셀 수 없습니다.",,,BLOCKING,true,SPEC:v7.0§14.8,PROJECT_POLICY,DRAFT_EXPERT_REVIEW_REQUIRED,7.0.0,2026-09-26
RESULT_REPLICATE_UNKNOWN,DATA,반복 독립성 미상,WAITING_BATCH_RESULTS,,RULE_DEFINED,true,SPEC:v7.0§5.3,PROJECT_POLICY,DRAFT_EXPERT_REVIEW_REQUIRED,7.0.0,2026-09-26
RESULT_SETTING_DEVIATION,DATA,설정 허용오차 이탈,WAITING_BATCH_RESULTS,deviation 기록,RULE_DEFINED,true,SPEC:v7.0§5.3,PROJECT_POLICY,DRAFT_EXPERT_REVIEW_REQUIRED,7.0.0,2026-09-26
RESULT_UNCONFIRMED,DATA,결과 미확인,WAITING_RESULT_CONFIRMATION,,RULE_DEFINED,true,SPEC:v7.0§5.3,PROJECT_POLICY,DRAFT_EXPERT_REVIEW_REQUIRED,7.0.0,2026-09-26
RESULT_UNIT_UNCLEAR,DATA,단위 변환 불가,WAITING_BATCH_RESULTS,,RULE_DEFINED,true,SPEC:v7.0§5.3,PROJECT_POLICY,DRAFT_EXPERT_REVIEW_REQUIRED,7.0.0,2026-09-26
RUNSHEET_CAPACITY,RULE_RESULT,설비 작업 용량을 벗어납니다.,,,BLOCKING,true,SPEC:v7.0§8.D.17,PROJECT_POLICY,DRAFT_EXPERT_REVIEW_REQUIRED,7.0.0,2026-09-26
RUNSHEET_FIXED_MISMATCH,RULE_RESULT,고정 조건이 Handoff와 다릅니다.,,,BLOCKING,true,SPEC:v7.0§8.D.17,PROJECT_POLICY,DRAFT_EXPERT_REVIEW_REQUIRED,7.0.0,2026-09-26
RUNSHEET_MASS_MISMATCH,RULE_RESULT,단위 질량 합계가 목표와 다릅니다.,,,BLOCKING,true,SPEC:v7.0§8.D.17,PROJECT_POLICY,DRAFT_EXPERT_REVIEW_REQUIRED,7.0.0,2026-09-26
RUNSHEET_RESOLUTION,RULE_RESULT,설비 설정 분해능에 맞지 않는 값입니다.,,,INFO_WARNING,true,SPEC:v7.0§8.D.17,PROJECT_POLICY,DRAFT_EXPERT_REVIEW_REQUIRED,7.0.0,2026-09-26
RUN_DATA_MISSING,DATA,run 설정값 누락,WAITING_RUN_DATA,,RULE_DEFINED,true,SPEC:v7.0§5.3,PROJECT_POLICY,DRAFT_EXPERT_REVIEW_REQUIRED,7.0.0,2026-09-26
SETPOINT_ON_EDGE,RULE_RESULT,권장 setpoint가 domain 경계에 너무 가깝습니다. 내부점을 선택하세요.,,,INFO_WARNING,true,SPEC:v7.0§6.D9,PROJECT_POLICY,DRAFT_EXPERT_REVIEW_REQUIRED,7.0.0,2026-09-26
SPLIT_PLOT_REVIEW_REQUIRED,RULE_RESULT,hard-to-change 요인은 split-plot 등 별도 설계가 필요합니다.,ADVANCED_DESIGN_REQUIRED,,BLOCKING,true,SPEC:v7.0,PROJECT_POLICY,DRAFT_EXPERT_REVIEW_REQUIRED,7.0.0,2026-09-26
STICKING_DIAGNOSIS,LABLOOP,관찰과 공정로그를 함께 확인,FMEA_REVIEW,CREATE_DIAGNOSTIC_PLAN,REVIEW,true,SPEC:v7.0;SRC_ICH_Q9,PROJECT_POLICY,DRAFT_EXPERT_REVIEW_REQUIRED,7.0.0,2026-09-26
UNKNOWN,GOVERNANCE,등록되지 않은 실패,WAITING_HUMAN_TRIAGE,복귀 지점 저장,RULE_DEFINED,true,SPEC:v7.0§5.3,PROJECT_POLICY,DRAFT_EXPERT_REVIEW_REQUIRED,7.0.0,2026-09-26
UNMANAGED_LIMITATION_MISSING,RULE_RESULT,관리되지 않은 중요 공정변수가 있으면 검증 주장의 한계를 기록해야 합니다.,,,BLOCKING,true,SPEC:v7.0§6.D11,PROJECT_POLICY,DRAFT_EXPERT_REVIEW_REQUIRED,7.0.0,2026-09-26
UNRESOLVED_ALIAS,ANALYSIS,alias 미해소,SCREENING_AUGMENTATION,,RULE_DEFINED,true,SPEC:v7.0§5.3,PROJECT_POLICY,DRAFT_EXPERT_REVIEW_REQUIRED,7.0.0,2026-09-26
UNRESOLVED_DEVIATION,DATA,deviation 미처리,DIAGNOSING,result → EXCLUDED,RULE_DEFINED,true,SPEC:v7.0§5.3,PROJECT_POLICY,DRAFT_EXPERT_REVIEW_REQUIRED,7.0.0,2026-09-26
UNRESOLVED_HARD_FAIL,DATA,상류 Hard Fail 미해소,INELIGIBLE,,RULE_DEFINED,true,SPEC:v7.0§5.3,PROJECT_POLICY,DRAFT_EXPERT_REVIEW_REQUIRED,7.0.0,2026-09-26
UNSAFE_OR_INFEASIBLE_POINT,DESIGN,안전·설비·조성 불가능 점,DESIGN_REPLAN,plan → REJECTED,RULE_DEFINED,true,SPEC:v7.0§5.3,PROJECT_POLICY,DRAFT_EXPERT_REVIEW_REQUIRED,7.0.0,2026-09-26
VERIFICATION_MODEL_AND_SPEC_FAILURE,LABLOOP,provisional region invalidation 검토,MODEL_INADEQUATE,CREATE_DIAGNOSTIC_PLAN,BLOCKING,true,SPEC:v7.0;SRC_ICH_Q9,PROJECT_POLICY,DRAFT_EXPERT_REVIEW_REQUIRED,7.0.0,2026-09-26
VERIFICATION_MODEL_MISMATCH,LABLOOP,제품 통과와 모델 적합성을 별개로 처리,MODEL_REVIEW,CREATE_DIAGNOSTIC_PLAN,BLOCKING,true,SPEC:v7.0;SRC_ICH_Q9,PROJECT_POLICY,DRAFT_EXPERT_REVIEW_REQUIRED,7.0.0,2026-09-26
VERIFICATION_NOT_INDEPENDENT,RULE_RESULT,검증 batch는 model fitting set과 독립이어야 합니다.,WAITING_VERIFICATION_RESULTS,,BLOCKING,true,SPEC:v7.0,PROJECT_POLICY,DRAFT_EXPERT_REVIEW_REQUIRED,7.0.0,2026-09-26
VERIFICATION_PASSED,RULE_RESULT,필수 확인점과 반응이 사전 계획을 충족했습니다.,VERIFIED_OPERATING_REGION,,BLOCKING,true,SPEC:v7.0,PROJECT_POLICY,DRAFT_EXPERT_REVIEW_REQUIRED,7.0.0,2026-09-26
VERIFICATION_REUSED_IN_FIT,RULE_RESULT,확인점이 적합 데이터와 독립이 아닙니다 (배치 또는 블렌드 공유).,,,BLOCKING,true,SPEC:v7.0§14.16,PROJECT_POLICY,DRAFT_EXPERT_REVIEW_REQUIRED,7.0.0,2026-09-26
VERIFICATION_SPEC_FAILURE,LABLOOP,영역 승격 금지,REGION_REVIEW,CREATE_DIAGNOSTIC_PLAN,BLOCKING,true,SPEC:v7.0;SRC_ICH_Q9,PROJECT_POLICY,DRAFT_EXPERT_REVIEW_REQUIRED,7.0.0,2026-09-26
VERIF_ALL_PASS,VERIFICATION,필수 확인점 모두 통과,WAITING_FINAL_APPROVAL,,RULE_DEFINED,true,SPEC:v7.0§5.3,PROJECT_POLICY,DRAFT_EXPERT_REVIEW_REQUIRED,7.0.0,2026-09-26
VERIF_BATCH_REUSED_ACROSS_ROLES,RULE_RESULT,같은 배치를 여러 확인점에 쓸 수 없습니다.,,,BLOCKING,true,SPEC:v7.0§6.D10,PROJECT_POLICY,DRAFT_EXPERT_REVIEW_REQUIRED,7.0.0,2026-09-26
VERIF_CHALLENGE_CONFIRMED,RULE_RESULT,음성대조가 예측대로 불합격했습니다 (제한적 추가 근거).,,,INFO_WARNING,true,SPEC:v7.0§6.D10,PROJECT_POLICY,DRAFT_EXPERT_REVIEW_REQUIRED,7.0.0,2026-09-26
VERIF_CHALLENGE_EXPECTATION_UNJUSTIFIED,RULE_RESULT,CHALLENGE 점의 FAIL 예상에는 실패 CQA와 예측 실패확률 근거가 필요합니다.,,,BLOCKING,true,SPEC:v7.0§6.D10,PROJECT_POLICY,DRAFT_EXPERT_REVIEW_REQUIRED,7.0.0,2026-09-26
VERIF_CHALLENGE_UNEXPECTED_PASS,RULE_RESULT,음성대조가 통과했습니다. 영역이 보수적일 수 있습니다.,,,INFO_WARNING,true,SPEC:v7.0§6.D10,PROJECT_POLICY,DRAFT_EXPERT_REVIEW_REQUIRED,7.0.0,2026-09-26
VERIF_COVERAGE_INCOMPLETE,RULE_RESULT,필수 확인점 × 적용 CQA 결과가 모두 확정되어야 합니다.,,,BLOCKING,true,SPEC:v7.0§6.D10,PROJECT_POLICY,DRAFT_EXPERT_REVIEW_REQUIRED,7.0.0,2026-09-26
VERIF_EVIDENCE_NOT_PERMITTED,RULE_RESULT,문헌·합성·미확인 결과는 확인 판정에 쓸 수 없습니다.,,,BLOCKING,true,SPEC:v7.0§8.A.2,PROJECT_POLICY,DRAFT_EXPERT_REVIEW_REQUIRED,7.0.0,2026-09-26
VERIF_NON_REQUIRED_IN_BASIS,RULE_RESULT,승격 근거에는 필수 확인점만 쓸 수 있습니다 (참고·challenge·범위확인 제외).,,,BLOCKING,true,SPEC:v7.0§14.25,PROJECT_POLICY,DRAFT_EXPERT_REVIEW_REQUIRED,7.0.0,2026-09-26
VERIF_NOT_PRELOCKED,RULE_RESULT,확인계획은 첫 결과 제출 전에 잠겨야 합니다.,,,BLOCKING,true,SPEC:v7.0§6.D10,PROJECT_POLICY,DRAFT_EXPERT_REVIEW_REQUIRED,7.0.0,2026-09-26
VERIF_OUTSIDE_PI,VERIFICATION,"규격 통과, family PI 밖",RSM_AUGMENTATION,region → INVALIDATED,RULE_DEFINED,true,SPEC:v7.0§5.3,PROJECT_POLICY,DRAFT_EXPERT_REVIEW_REQUIRED,7.0.0,2026-09-26
VERIF_PI_POLICY_MISSING,RULE_RESULT,"family 예측구간 정책(비교 수, family alpha, 다중성 보정)이 필요합니다.",,,BLOCKING,true,SPEC:v7.0§6.D10,PROJECT_POLICY,DRAFT_EXPERT_REVIEW_REQUIRED,7.0.0,2026-09-26
VERIF_POINT_PASS,RULE_RESULT,"규격 통과, family 예측구간 안입니다.",,,INFO_WARNING,true,SPEC:v7.0§6.D10,PROJECT_POLICY,DRAFT_EXPERT_REVIEW_REQUIRED,7.0.0,2026-09-26
VERIF_RESULTS_PUBLIC_BEFORE_LOCK,RULE_RESULT,결과가 이미 공개된 배치(문헌 등)는 사전 확인배치가 될 수 없습니다.,,,BLOCKING,true,SPEC:v7.0§6.D10,PROJECT_POLICY,DRAFT_EXPERT_REVIEW_REQUIRED,7.0.0,2026-09-26
VERIF_ROLES_MISSING,RULE_RESULT,"필수 확인점(setpoint, boundary, robustness)이 모두 필요합니다.",,,BLOCKING,true,SPEC:v7.0§6.D10,PROJECT_POLICY,DRAFT_EXPERT_REVIEW_REQUIRED,7.0.0,2026-09-26
VERIF_SPEC_FAIL,VERIFICATION,필수 확인점 규격 실패,DIAGNOSING,region → INVALIDATED,RULE_DEFINED,true,SPEC:v7.0§5.3,PROJECT_POLICY,DRAFT_EXPERT_REVIEW_REQUIRED,7.0.0,2026-09-26
